rel,from,to
extends,edu.stanford.cs.console.ConsolePane,JScrollPane implements KeyListener
extends,edu.stanford.cs.console.ConsoleWindow,JFrame implements Console
extends,edu.stanford.cs.controller.Control,ChangeListener
extends,edu.stanford.cs.exp.Compound,Expression
extends,edu.stanford.cs.exp.Constant,Expression
extends,edu.stanford.cs.exp.Identifier,Expression
extends,edu.stanford.cs.exp.LValue,Value
extends,edu.stanford.cs.graphics.BMPImageSaver,ImageSaver
extends,edu.stanford.cs.graphics.DirectGif89Frame,Gif89Frame
extends,edu.stanford.cs.graphics.EPSImageSaver,ImageSaver
extends,edu.stanford.cs.graphics.G3DRect,GRect
extends,edu.stanford.cs.graphics.GArc,GObject implements GFillable
extends,edu.stanford.cs.graphics.GCanvas,JComponent implements GContainer
extends,edu.stanford.cs.graphics.GCanvas,Iterable
extends,edu.stanford.cs.graphics.GCompound,GObject implements GContainer
extends,edu.stanford.cs.graphics.GCompound,Iterable
extends,edu.stanford.cs.graphics.GIF89ImageSaver,ImageSaver
extends,edu.stanford.cs.graphics.GIFImageSaver,ImageSaver
extends,edu.stanford.cs.graphics.GImage,GObject implements GResizable
extends,edu.stanford.cs.graphics.GLabel,GObject
extends,edu.stanford.cs.graphics.GLine,GObject
extends,edu.stanford.cs.graphics.GMouseEvent,MouseEvent
extends,edu.stanford.cs.graphics.GOval,GObject implements GFillable
extends,edu.stanford.cs.graphics.GOval,GResizable
extends,edu.stanford.cs.graphics.GPolygon,GObject implements GFillable
extends,edu.stanford.cs.graphics.GRect,GObject implements GFillable
extends,edu.stanford.cs.graphics.GRect,GResizable
extends,edu.stanford.cs.graphics.GRoundRect,GRect
extends,edu.stanford.cs.graphics.GWindow,JFrame implements Iterable
extends,edu.stanford.cs.graphics.IndexGif89Frame,Gif89Frame
extends,edu.stanford.cs.graphics.JPEGImageSaver,ImageSaver
extends,edu.stanford.cs.graphics.JPGImageSaver,JPEGImageSaver
extends,edu.stanford.cs.graphics.PICImageSaver,PICTImageSaver
extends,edu.stanford.cs.graphics.PICTImageSaver,ImageSaver
extends,edu.stanford.cs.graphics.PNGImageSaver,ImageSaver
extends,edu.stanford.cs.graphics.TIFFImageSaver,ImageSaver
extends,edu.stanford.cs.graphics.TIFImageSaver,TIFFImageSaver
extends,edu.stanford.cs.java2js.JSBugCanvas,JComponent
extends,edu.stanford.cs.java2js.JSCanvas,JComponent
extends,edu.stanford.cs.java2js.JSDialog,JDialog
extends,edu.stanford.cs.java2js.JSElementList,ArrayList
extends,edu.stanford.cs.java2js.JSErrorDialog,JSDialog
extends,edu.stanford.cs.java2js.JSErrorEvent,ActionEvent
extends,edu.stanford.cs.java2js.JSFrame,JSPanel
extends,edu.stanford.cs.java2js.JSImage,BufferedImage
extends,edu.stanford.cs.java2js.JSMessageArea,JEditorPane
extends,edu.stanford.cs.java2js.JSPanel,JComponent
extends,edu.stanford.cs.java2js.JSProgramFrame,JFrame
extends,edu.stanford.cs.java2js.JSScrollBar,JScrollBar
extends,edu.stanford.cs.java2js.JSScrollPane,JScrollPane
extends,edu.stanford.cs.java2js.JSTitleBar,JComponent implements FocusListener
extends,edu.stanford.cs.jsconsole.ConsoleTextPane,JTextPane implements KeyListener
extends,edu.stanford.cs.jsconsole.JSConsole,JScrollPane implements NBConsole
extends,edu.stanford.cs.jscontrols.CompileControl,JSControl
extends,edu.stanford.cs.jscontrols.JSControl,JSControlComponent implements Control
extends,edu.stanford.cs.jscontrols.JSControl,Updatable
extends,edu.stanford.cs.jscontrols.JSControlComponent,JComponent
extends,edu.stanford.cs.jscontrols.LoadControl,JSControl
extends,edu.stanford.cs.jscontrols.NewControl,JSControl
extends,edu.stanford.cs.jscontrols.ResetControl,JSControl
extends,edu.stanford.cs.jscontrols.RunControl,JSControl
extends,edu.stanford.cs.jscontrols.SaveControl,JSControl
extends,edu.stanford.cs.jscontrols.StepControl,JSControl
extends,edu.stanford.cs.jscontrols.StepOverControl,JSControl
extends,edu.stanford.cs.jseditor.FindAndReplaceDialog,JSDialog
extends,edu.stanford.cs.jseditor.FixedTabSet,TabSet
extends,edu.stanford.cs.jseditor.JSETextPane,JTextPane implements DocumentListener
extends,edu.stanford.cs.jseditor.JSEditor,JSPanel implements JSTextSource
extends,edu.stanford.cs.jseditor.JSEditorRedoAction,AbstractAction
extends,edu.stanford.cs.jseditor.JSEditorUndoAction,AbstractAction
extends,edu.stanford.cs.jseditor.JSEditorUndoManager,UndoManager
extends,edu.stanford.cs.jseditor.LineHighlighter,DefaultHighlighter
extends,edu.stanford.cs.jsmenu.JMenuBarWrapper,JMenuBar
extends,edu.stanford.cs.jsmenu.JSCheckBoxMenuItem,JMenuItem implements Updatable
extends,edu.stanford.cs.jsmenu.JSMenu,JMenu implements Updatable
extends,edu.stanford.cs.jsmenu.JSMenuBar,JMenuBarWrapper implements Updatable
extends,edu.stanford.cs.jsmenu.JSMenuItem,JMenuItem implements Updatable
extends,edu.stanford.cs.parser.InfixForm,Operator
extends,edu.stanford.cs.parser.InfixOperator,InfixForm
extends,edu.stanford.cs.parser.IntList,ArrayList
extends,edu.stanford.cs.parser.NofixOperator,Operator
extends,edu.stanford.cs.parser.Operator,Expression
extends,edu.stanford.cs.parser.PrefixForm,Operator
extends,edu.stanford.cs.parser.PrefixOperator,PrefixForm
extends,edu.stanford.cs.parser.Statement,Operator
extends,edu.stanford.cs.parser.SyntaxError,RuntimeException
extends,edu.stanford.cs.programeditor.CommentHighlightMode,EditorMode
extends,edu.stanford.cs.programeditor.PEAnnotationPane,JSCanvas implements AdjustmentListener
extends,edu.stanford.cs.programeditor.PEAnnotationPane,ChangeListener
extends,edu.stanford.cs.programeditor.PEAnnotationPane,MouseListener
extends,edu.stanford.cs.programeditor.ProgramEditor,JSEditor
extends,edu.stanford.cs.programeditor.ProgramErrorDialog,JSErrorDialog
extends,edu.stanford.cs.psgraphics.PSGraphics,Graphics2D
extends,edu.stanford.cs.sjs.ClearConsoleItem,JSMenuItem
extends,edu.stanford.cs.sjs.CloseFileItem,JSMenuItem
extends,edu.stanford.cs.sjs.CompileItem,JSMenuItem
extends,edu.stanford.cs.sjs.CopyItem,JSMenuItem
extends,edu.stanford.cs.sjs.CutItem,JSMenuItem
extends,edu.stanford.cs.sjs.EditMenu,JSMenu
extends,edu.stanford.cs.sjs.ExportFileItem,JSMenuItem
extends,edu.stanford.cs.sjs.FileMenu,JSMenu
extends,edu.stanford.cs.sjs.FindReplaceItem,JSMenuItem
extends,edu.stanford.cs.sjs.LargerFontItem,JSMenuItem
extends,edu.stanford.cs.sjs.NewFileItem,JSMenuItem
extends,edu.stanford.cs.sjs.OpenFileItem,JSMenuItem
extends,edu.stanford.cs.sjs.PasteItem,JSMenuItem
extends,edu.stanford.cs.sjs.RedoItem,JSMenuItem
extends,edu.stanford.cs.sjs.ResetItem,JSMenuItem
extends,edu.stanford.cs.sjs.RunItem,JSMenuItem
extends,edu.stanford.cs.sjs.RunMenu,JSMenu
extends,edu.stanford.cs.sjs.SJS,JSProgram
extends,edu.stanford.cs.sjs.SJSANDOperator,InfixForm
extends,edu.stanford.cs.sjs.SJSASHRightOperator,InfixOperator
extends,edu.stanford.cs.sjs.SJSArithmeticOperator,InfixOperator
extends,edu.stanford.cs.sjs.SJSAssignmentOperator,InfixForm
extends,edu.stanford.cs.sjs.SJSBitwiseANDOperator,InfixOperator
extends,edu.stanford.cs.sjs.SJSBitwiseNOTOperator,PrefixOperator
extends,edu.stanford.cs.sjs.SJSBitwiseOROperator,InfixOperator
extends,edu.stanford.cs.sjs.SJSBitwiseXOROperator,InfixOperator
extends,edu.stanford.cs.sjs.SJSBlockOperator,Operator
extends,edu.stanford.cs.sjs.SJSBraceOperator,Operator
extends,edu.stanford.cs.sjs.SJSBracketOperator,Operator
extends,edu.stanford.cs.sjs.SJSBreakStatement,Statement
extends,edu.stanford.cs.sjs.SJSCaseStatement,Statement
extends,edu.stanford.cs.sjs.SJSConsoleListener,SVMConsoleListener
extends,edu.stanford.cs.sjs.SJSConstKeyword,PrefixOperator
extends,edu.stanford.cs.sjs.SJSContinueStatement,Statement
extends,edu.stanford.cs.sjs.SJSDecrementOperator,SJSPrefixIncDecOperator
extends,edu.stanford.cs.sjs.SJSDefaultStatement,Statement
extends,edu.stanford.cs.sjs.SJSDotOperator,Operator
extends,edu.stanford.cs.sjs.SJSEditor,SVMEditor
extends,edu.stanford.cs.sjs.SJSEqualOperator,InfixOperator
extends,edu.stanford.cs.sjs.SJSFalseOperator,NofixOperator
extends,edu.stanford.cs.sjs.SJSForStatement,Statement
extends,edu.stanford.cs.sjs.SJSFunctionKeyword,PrefixOperator
extends,edu.stanford.cs.sjs.SJSGWindow,GCanvas implements ActionListener
extends,edu.stanford.cs.sjs.SJSGWindow,KeyListener
extends,edu.stanford.cs.sjs.SJSGWindow,MouseListener
extends,edu.stanford.cs.sjs.SJSGWindow,MouseMotionListener
extends,edu.stanford.cs.sjs.SJSGreaterEqualOperator,SJSRelationalOperator
extends,edu.stanford.cs.sjs.SJSGreaterThanOperator,SJSRelationalOperator
extends,edu.stanford.cs.sjs.SJSIfStatement,Statement
extends,edu.stanford.cs.sjs.SJSIncrementOperator,SJSPrefixIncDecOperator
extends,edu.stanford.cs.sjs.SJSInfinityOperator,NofixOperator
extends,edu.stanford.cs.sjs.SJSInterpreter,SVMProgram
extends,edu.stanford.cs.sjs.SJSInterpreterMonitor,SVMConsoleListener implements SJSCommandMonitor
extends,edu.stanford.cs.sjs.SJSInterpreterMonitor,ChangeListener
extends,edu.stanford.cs.sjs.SJSLSHLeftOperator,InfixOperator
extends,edu.stanford.cs.sjs.SJSLSHRightOperator,InfixOperator
extends,edu.stanford.cs.sjs.SJSLessEqualOperator,SJSRelationalOperator
extends,edu.stanford.cs.sjs.SJSLessThanOperator,SJSRelationalOperator
extends,edu.stanford.cs.sjs.SJSListOperator,Operator
extends,edu.stanford.cs.sjs.SJSMenuBar,JSMenuBar
extends,edu.stanford.cs.sjs.SJSMinusEqualOperator,SJSOpEqualOperator
extends,edu.stanford.cs.sjs.SJSMinusOperator,SJSArithmeticOperator
extends,edu.stanford.cs.sjs.SJSNOTOperator,PrefixOperator
extends,edu.stanford.cs.sjs.SJSNaNOperator,NofixOperator
extends,edu.stanford.cs.sjs.SJSNewKeyword,PrefixOperator
extends,edu.stanford.cs.sjs.SJSNotEqualOperator,InfixOperator
extends,edu.stanford.cs.sjs.SJSNullOperator,NofixOperator
extends,edu.stanford.cs.sjs.SJSOROperator,InfixForm
extends,edu.stanford.cs.sjs.SJSOpEqualOperator,SJSArithmeticOperator
extends,edu.stanford.cs.sjs.SJSParenOperator,Operator
extends,edu.stanford.cs.sjs.SJSParser,Parser
extends,edu.stanford.cs.sjs.SJSPercentEqualOperator,SJSOpEqualOperator
extends,edu.stanford.cs.sjs.SJSPercentOperator,SJSArithmeticOperator
extends,edu.stanford.cs.sjs.SJSPlusEqualOperator,SJSOpEqualOperator
extends,edu.stanford.cs.sjs.SJSPlusOperator,SJSArithmeticOperator
extends,edu.stanford.cs.sjs.SJSPrefixIncDecOperator,Operator
extends,edu.stanford.cs.sjs.SJSQuestionMarkColonOperator,Operator
extends,edu.stanford.cs.sjs.SJSRelationalOperator,InfixOperator
extends,edu.stanford.cs.sjs.SJSReturnStatement,Statement
extends,edu.stanford.cs.sjs.SJSSlashEqualOperator,SJSOpEqualOperator
extends,edu.stanford.cs.sjs.SJSSlashOperator,SJSArithmeticOperator
extends,edu.stanford.cs.sjs.SJSStarEqualOperator,SJSOpEqualOperator
extends,edu.stanford.cs.sjs.SJSStarOperator,SJSArithmeticOperator
extends,edu.stanford.cs.sjs.SJSStatementOperator,Operator
extends,edu.stanford.cs.sjs.SJSSuffixDecrementOperator,SJSSuffixIncDecOperator
extends,edu.stanford.cs.sjs.SJSSuffixIncDecOperator,Operator
extends,edu.stanford.cs.sjs.SJSSuffixIncrementOperator,SJSSuffixIncDecOperator
extends,edu.stanford.cs.sjs.SJSSwitchStatement,Statement
extends,edu.stanford.cs.sjs.SJSThisKeyword,NofixOperator
extends,edu.stanford.cs.sjs.SJSThrowStatement,Statement
extends,edu.stanford.cs.sjs.SJSTrueOperator,NofixOperator
extends,edu.stanford.cs.sjs.SJSTryStatement,Statement
extends,edu.stanford.cs.sjs.SJSUnaryMinusOperator,Operator
extends,edu.stanford.cs.sjs.SJSUnaryPlusOperator,Operator
extends,edu.stanford.cs.sjs.SJSUndefinedOperator,NofixOperator
extends,edu.stanford.cs.sjs.SJSVM,SVM
extends,edu.stanford.cs.sjs.SJSVarKeyword,PrefixOperator
extends,edu.stanford.cs.sjs.SJSWhileStatement,Statement
extends,edu.stanford.cs.sjs.SaveFileItem,JSMenuItem
extends,edu.stanford.cs.sjs.SelectAllItem,JSMenuItem
extends,edu.stanford.cs.sjs.SmallerFontItem,JSMenuItem
extends,edu.stanford.cs.sjs.StepItem,JSMenuItem
extends,edu.stanford.cs.sjs.StepOverItem,JSMenuItem
extends,edu.stanford.cs.sjs.StopItem,JSMenuItem
extends,edu.stanford.cs.sjs.UndoItem,JSMenuItem
extends,edu.stanford.cs.sjs.ViewMenu,JSMenu
extends,edu.stanford.cs.sjs.WindowMenu,JSMenu
extends,edu.stanford.cs.sjslib.core.ArrayMethod,SVMMethod
extends,edu.stanford.cs.sjslib.core.Array_concat,ArrayMethod
extends,edu.stanford.cs.sjslib.core.Array_create,SVMMethod
extends,edu.stanford.cs.sjslib.core.Array_indexOf,ArrayMethod
extends,edu.stanford.cs.sjslib.core.Array_join,ArrayMethod
extends,edu.stanford.cs.sjslib.core.Array_lastIndexOf,ArrayMethod
extends,edu.stanford.cs.sjslib.core.Array_new,SVMMethod
extends,edu.stanford.cs.sjslib.core.Array_pop,ArrayMethod
extends,edu.stanford.cs.sjslib.core.Array_push,ArrayMethod
extends,edu.stanford.cs.sjslib.core.Array_reverse,ArrayMethod
extends,edu.stanford.cs.sjslib.core.Array_shift,ArrayMethod
extends,edu.stanford.cs.sjslib.core.Array_size,ArrayMethod
extends,edu.stanford.cs.sjslib.core.Array_slice,ArrayMethod
extends,edu.stanford.cs.sjslib.core.Array_sort,ArrayMethod
extends,edu.stanford.cs.sjslib.core.Array_splice,ArrayMethod
extends,edu.stanford.cs.sjslib.core.Array_unshift,ArrayMethod
extends,edu.stanford.cs.sjslib.core.CharacterMethod,SVMMethod
extends,edu.stanford.cs.sjslib.core.Character_digit,CharacterMethod
extends,edu.stanford.cs.sjslib.core.Character_forDigit,CharacterMethod
extends,edu.stanford.cs.sjslib.core.Character_getNumericValue,CharacterMethod
extends,edu.stanford.cs.sjslib.core.Character_isDigit,CharacterMethod
extends,edu.stanford.cs.sjslib.core.Character_isLetter,CharacterMethod
extends,edu.stanford.cs.sjslib.core.Character_isLetterOrDigit,CharacterMethod
extends,edu.stanford.cs.sjslib.core.Character_isLowerCase,CharacterMethod
extends,edu.stanford.cs.sjslib.core.Character_isUpperCase,CharacterMethod
extends,edu.stanford.cs.sjslib.core.Character_isWhitespace,CharacterMethod
extends,edu.stanford.cs.sjslib.core.Character_toLowerCase,CharacterMethod
extends,edu.stanford.cs.sjslib.core.Character_toString,CharacterMethod
extends,edu.stanford.cs.sjslib.core.Character_toUpperCase,CharacterMethod
extends,edu.stanford.cs.sjslib.core.ConsoleMethod,SVMMethod
extends,edu.stanford.cs.sjslib.core.Console_clear,ConsoleMethod
extends,edu.stanford.cs.sjslib.core.Console_display,ConsoleMethod
extends,edu.stanford.cs.sjslib.core.Console_endConsoleLog,ConsoleMethod
extends,edu.stanford.cs.sjslib.core.Console_getInt,ConsoleMethod
extends,edu.stanford.cs.sjslib.core.Console_getLine,ConsoleMethod
extends,edu.stanford.cs.sjslib.core.Console_getNumber,ConsoleMethod
extends,edu.stanford.cs.sjslib.core.Console_init,SVMMethod
extends,edu.stanford.cs.sjslib.core.Console_log,ConsoleMethod
extends,edu.stanford.cs.sjslib.core.Console_new,SVMMethod
extends,edu.stanford.cs.sjslib.core.Console_print,ConsoleMethod
extends,edu.stanford.cs.sjslib.core.Console_println,ConsoleMethod
extends,edu.stanford.cs.sjslib.core.Console_requestInput,ConsoleMethod
extends,edu.stanford.cs.sjslib.core.Console_showErrorMessage,ConsoleMethod
extends,edu.stanford.cs.sjslib.core.Console_startConsoleLog,ConsoleMethod
extends,edu.stanford.cs.sjslib.core.Event_ACTION_EVENT,SVMConstant
extends,edu.stanford.cs.sjslib.core.Event_KEY_EVENT,SVMConstant
extends,edu.stanford.cs.sjslib.core.Event_MOUSE_EVENT,SVMConstant
extends,edu.stanford.cs.sjslib.core.Math_E,SVMConstant
extends,edu.stanford.cs.sjslib.core.Math_PI,SVMConstant
extends,edu.stanford.cs.sjslib.core.Math_abs,SVMMethod
extends,edu.stanford.cs.sjslib.core.Math_atan,SVMMethod
extends,edu.stanford.cs.sjslib.core.Math_atan2,SVMMethod
extends,edu.stanford.cs.sjslib.core.Math_ceil,SVMMethod
extends,edu.stanford.cs.sjslib.core.Math_cos,SVMMethod
extends,edu.stanford.cs.sjslib.core.Math_exp,SVMMethod
extends,edu.stanford.cs.sjslib.core.Math_floor,SVMMethod
extends,edu.stanford.cs.sjslib.core.Math_hypot,SVMMethod
extends,edu.stanford.cs.sjslib.core.Math_log,SVMMethod
extends,edu.stanford.cs.sjslib.core.Math_log10,SVMMethod
extends,edu.stanford.cs.sjslib.core.Math_max,SVMMethod
extends,edu.stanford.cs.sjslib.core.Math_min,SVMMethod
extends,edu.stanford.cs.sjslib.core.Math_pow,SVMMethod
extends,edu.stanford.cs.sjslib.core.Math_random,SVMMethod
extends,edu.stanford.cs.sjslib.core.Math_round,SVMMethod
extends,edu.stanford.cs.sjslib.core.Math_sign,SVMMethod
extends,edu.stanford.cs.sjslib.core.Math_sin,SVMMethod
extends,edu.stanford.cs.sjslib.core.Math_sqrt,SVMMethod
extends,edu.stanford.cs.sjslib.core.Math_tan,SVMMethod
extends,edu.stanford.cs.sjslib.core.Math_toDegrees,SVMMethod
extends,edu.stanford.cs.sjslib.core.Math_toRadians,SVMMethod
extends,edu.stanford.cs.sjslib.core.Number_isFinite,SVMMethod
extends,edu.stanford.cs.sjslib.core.Number_isNaN,SVMMethod
extends,edu.stanford.cs.sjslib.core.Number_parseFloat,SVMMethod
extends,edu.stanford.cs.sjslib.core.Number_parseInt,SVMMethod
extends,edu.stanford.cs.sjslib.core.Number_toString,SVMMethod
extends,edu.stanford.cs.sjslib.core.ObjectMethod,SVMMethod
extends,edu.stanford.cs.sjslib.core.Object_create,SVMMethod
extends,edu.stanford.cs.sjslib.core.Object_keyArray,SVMMethod
extends,edu.stanford.cs.sjslib.core.Object_new,SVMMethod
extends,edu.stanford.cs.sjslib.core.Package_core,SVMPackage
extends,edu.stanford.cs.sjslib.core.Program_add,SVMMethod
extends,edu.stanford.cs.sjslib.core.Program_alert,SVMMethod
extends,edu.stanford.cs.sjslib.core.Program_exit,SVMMethod
extends,edu.stanford.cs.sjslib.core.Program_getConsole,SVMMethod
extends,edu.stanford.cs.sjslib.core.Program_setConsole,SVMMethod
extends,edu.stanford.cs.sjslib.core.SJSArrayClass,SVMClass
extends,edu.stanford.cs.sjslib.core.SJSCharacterClass,SVMClass
extends,edu.stanford.cs.sjslib.core.SJSConsoleClass,SVMClass
extends,edu.stanford.cs.sjslib.core.SJSEventClass,SVMClass
extends,edu.stanford.cs.sjslib.core.SJSMathClass,SVMClass
extends,edu.stanford.cs.sjslib.core.SJSNumberClass,SVMClass
extends,edu.stanford.cs.sjslib.core.SJSObjectClass,SVMClass
extends,edu.stanford.cs.sjslib.core.SJSProgramClass,SVMClass
extends,edu.stanford.cs.sjslib.core.SJSStringClass,SVMClass
extends,edu.stanford.cs.sjslib.core.SJSSystemClass,SVMClass
extends,edu.stanford.cs.sjslib.core.SJSTimerClass,SVMClass
extends,edu.stanford.cs.sjslib.core.StringMethod,SVMMethod
extends,edu.stanford.cs.sjslib.core.String_charAt,StringMethod
extends,edu.stanford.cs.sjslib.core.String_charCodeAt,StringMethod
extends,edu.stanford.cs.sjslib.core.String_compareTo,StringMethod
extends,edu.stanford.cs.sjslib.core.String_compareToIgnoreCase,StringMethod
extends,edu.stanford.cs.sjslib.core.String_concat,StringMethod
extends,edu.stanford.cs.sjslib.core.String_contains,StringMethod
extends,edu.stanford.cs.sjslib.core.String_endsWith,StringMethod
extends,edu.stanford.cs.sjslib.core.String_equals,StringMethod
extends,edu.stanford.cs.sjslib.core.String_equalsIgnoreCase,StringMethod
extends,edu.stanford.cs.sjslib.core.String_fromCharCode,StringMethod
extends,edu.stanford.cs.sjslib.core.String_indexOf,StringMethod
extends,edu.stanford.cs.sjslib.core.String_isEmpty,StringMethod
extends,edu.stanford.cs.sjslib.core.String_lastIndexOf,StringMethod
extends,edu.stanford.cs.sjslib.core.String_length,StringMethod
extends,edu.stanford.cs.sjslib.core.String_size,StringMethod
extends,edu.stanford.cs.sjslib.core.String_startsWith,StringMethod
extends,edu.stanford.cs.sjslib.core.String_substring,StringMethod
extends,edu.stanford.cs.sjslib.core.String_toLowerCase,StringMethod
extends,edu.stanford.cs.sjslib.core.String_toUpperCase,StringMethod
extends,edu.stanford.cs.sjslib.core.String_trim,StringMethod
extends,edu.stanford.cs.sjslib.core.System_currentTimeMillis,SVMMethod
extends,edu.stanford.cs.sjslib.core.System_getSourceFile,SVMMethod
extends,edu.stanford.cs.sjslib.core.TimerMethod,SVMMethod
extends,edu.stanford.cs.sjslib.core.Timer_clearInterval,SVMMethod
extends,edu.stanford.cs.sjslib.core.Timer_clearTimeout,SVMMethod
extends,edu.stanford.cs.sjslib.core.Timer_new,SVMMethod
extends,edu.stanford.cs.sjslib.core.Timer_pause,SVMMethod
extends,edu.stanford.cs.sjslib.core.Timer_setActionCommand,TimerMethod
extends,edu.stanford.cs.sjslib.core.Timer_setInterval,SVMMethod
extends,edu.stanford.cs.sjslib.core.Timer_setRepeats,TimerMethod
extends,edu.stanford.cs.sjslib.core.Timer_setTimeout,SVMMethod
extends,edu.stanford.cs.sjslib.core.Timer_start,TimerMethod
extends,edu.stanford.cs.sjslib.core.Timer_stop,TimerMethod
extends,edu.stanford.cs.sjslib.english.EnglishLexiconMethod,SVMMethod
extends,edu.stanford.cs.sjslib.english.EnglishLexicon_contains,EnglishLexiconMethod
extends,edu.stanford.cs.sjslib.english.EnglishLexicon_containsPrefix,EnglishLexiconMethod
extends,edu.stanford.cs.sjslib.english.EnglishLexicon_get,EnglishLexiconMethod
extends,edu.stanford.cs.sjslib.english.EnglishLexicon_new,SVMMethod
extends,edu.stanford.cs.sjslib.english.EnglishLexicon_size,EnglishLexiconMethod
extends,edu.stanford.cs.sjslib.english.Package_english,SVMPackage
extends,edu.stanford.cs.sjslib.english.SJSEnglishLexiconClass,SVMClass
extends,edu.stanford.cs.sjslib.file.File_chooseFile,SVMMethod
extends,edu.stanford.cs.sjslib.file.File_read,SVMMethod
extends,edu.stanford.cs.sjslib.file.File_readLines,SVMMethod
extends,edu.stanford.cs.sjslib.file.Package_file,SVMPackage
extends,edu.stanford.cs.sjslib.file.SJSFileClass,SVMClass
extends,edu.stanford.cs.sjslib.graphics.ColorMethod,SVMMethod
extends,edu.stanford.cs.sjslib.graphics.Color_BLACK,SVMConstant
extends,edu.stanford.cs.sjslib.graphics.Color_BLUE,SVMConstant
extends,edu.stanford.cs.sjslib.graphics.Color_CYAN,SVMConstant
extends,edu.stanford.cs.sjslib.graphics.Color_DARK_GRAY,SVMConstant
extends,edu.stanford.cs.sjslib.graphics.Color_GRAY,SVMConstant
extends,edu.stanford.cs.sjslib.graphics.Color_GREEN,SVMConstant
extends,edu.stanford.cs.sjslib.graphics.Color_LIGHT_GRAY,SVMConstant
extends,edu.stanford.cs.sjslib.graphics.Color_MAGENTA,SVMConstant
extends,edu.stanford.cs.sjslib.graphics.Color_ORANGE,SVMConstant
extends,edu.stanford.cs.sjslib.graphics.Color_PINK,SVMConstant
extends,edu.stanford.cs.sjslib.graphics.Color_RED,SVMConstant
extends,edu.stanford.cs.sjslib.graphics.Color_WHITE,SVMConstant
extends,edu.stanford.cs.sjslib.graphics.Color_YELLOW,SVMConstant
extends,edu.stanford.cs.sjslib.graphics.Color_getAlpha,ColorMethod
extends,edu.stanford.cs.sjslib.graphics.Color_getBlue,ColorMethod
extends,edu.stanford.cs.sjslib.graphics.Color_getGreen,ColorMethod
extends,edu.stanford.cs.sjslib.graphics.Color_getRed,ColorMethod
extends,edu.stanford.cs.sjslib.graphics.Color_new,SVMMethod
extends,edu.stanford.cs.sjslib.graphics.GArcMethod,SVMMethod
extends,edu.stanford.cs.sjslib.graphics.GArc_getEndPoint,GArcMethod
extends,edu.stanford.cs.sjslib.graphics.GArc_getFillColor,GArcMethod
extends,edu.stanford.cs.sjslib.graphics.GArc_getStartAngle,GArcMethod
extends,edu.stanford.cs.sjslib.graphics.GArc_getStartPoint,GArcMethod
extends,edu.stanford.cs.sjslib.graphics.GArc_getSweepAngle,GArcMethod
extends,edu.stanford.cs.sjslib.graphics.GArc_isFilled,GArcMethod
extends,edu.stanford.cs.sjslib.graphics.GArc_new,SVMMethod
extends,edu.stanford.cs.sjslib.graphics.GArc_setFillColor,GArcMethod
extends,edu.stanford.cs.sjslib.graphics.GArc_setFilled,GArcMethod
extends,edu.stanford.cs.sjslib.graphics.GArc_setStartAngle,GArcMethod
extends,edu.stanford.cs.sjslib.graphics.GArc_setSweepAngle,GArcMethod
extends,edu.stanford.cs.sjslib.graphics.GCompoundMethod,SVMMethod
extends,edu.stanford.cs.sjslib.graphics.GCompound_add,GCompoundMethod
extends,edu.stanford.cs.sjslib.graphics.GCompound_new,SVMMethod
extends,edu.stanford.cs.sjslib.graphics.GCompound_remove,GCompoundMethod
extends,edu.stanford.cs.sjslib.graphics.GDimension_getHeight,SVMMethod
extends,edu.stanford.cs.sjslib.graphics.GDimension_getWidth,SVMMethod
extends,edu.stanford.cs.sjslib.graphics.GDimension_new,SVMMethod
extends,edu.stanford.cs.sjslib.graphics.GImageMethod,SVMMethod
extends,edu.stanford.cs.sjslib.graphics.GImage_createPixelArray,GImageMethod
extends,edu.stanford.cs.sjslib.graphics.GImage_createRGBPixel,GImageMethod
extends,edu.stanford.cs.sjslib.graphics.GImage_getAlpha,GImageMethod
extends,edu.stanford.cs.sjslib.graphics.GImage_getBlue,GImageMethod
extends,edu.stanford.cs.sjslib.graphics.GImage_getGreen,GImageMethod
extends,edu.stanford.cs.sjslib.graphics.GImage_getPixelArray,GImageMethod
extends,edu.stanford.cs.sjslib.graphics.GImage_getRed,GImageMethod
extends,edu.stanford.cs.sjslib.graphics.GImage_new,SVMMethod
extends,edu.stanford.cs.sjslib.graphics.GImage_xcr,GImageMethod
extends,edu.stanford.cs.sjslib.graphics.GImage_xeq,GImageMethod
extends,edu.stanford.cs.sjslib.graphics.GImage_xfh,GImageMethod
extends,edu.stanford.cs.sjslib.graphics.GImage_xfv,GImageMethod
extends,edu.stanford.cs.sjslib.graphics.GImage_xgs,GImageMethod
extends,edu.stanford.cs.sjslib.graphics.GImage_xgt,GImageMethod
extends,edu.stanford.cs.sjslib.graphics.GImage_xrl,GImageMethod
extends,edu.stanford.cs.sjslib.graphics.GImage_xrr,GImageMethod
extends,edu.stanford.cs.sjslib.graphics.GLabelMethod,SVMMethod
extends,edu.stanford.cs.sjslib.graphics.GLabel_getAscent,GLabelMethod
extends,edu.stanford.cs.sjslib.graphics.GLabel_getDescent,GLabelMethod
extends,edu.stanford.cs.sjslib.graphics.GLabel_getLabel,GLabelMethod
extends,edu.stanford.cs.sjslib.graphics.GLabel_new,SVMMethod
extends,edu.stanford.cs.sjslib.graphics.GLabel_setFont,GLabelMethod
extends,edu.stanford.cs.sjslib.graphics.GLabel_setLabel,GLabelMethod
extends,edu.stanford.cs.sjslib.graphics.GLineMethod,SVMMethod
extends,edu.stanford.cs.sjslib.graphics.GLine_getEndPoint,GLineMethod
extends,edu.stanford.cs.sjslib.graphics.GLine_getStartPoint,GLineMethod
extends,edu.stanford.cs.sjslib.graphics.GLine_new,SVMMethod
extends,edu.stanford.cs.sjslib.graphics.GLine_setEndPoint,GLineMethod
extends,edu.stanford.cs.sjslib.graphics.GLine_setStartPoint,GLineMethod
extends,edu.stanford.cs.sjslib.graphics.GObjectMethod,SVMMethod
extends,edu.stanford.cs.sjslib.graphics.GObject_contains,GObjectMethod
extends,edu.stanford.cs.sjslib.graphics.GObject_getBounds,GObjectMethod
extends,edu.stanford.cs.sjslib.graphics.GObject_getColor,GObjectMethod
extends,edu.stanford.cs.sjslib.graphics.GObject_getHeight,GObjectMethod
extends,edu.stanford.cs.sjslib.graphics.GObject_getJavaColor,GObjectMethod
extends,edu.stanford.cs.sjslib.graphics.GObject_getLineWidth,GObjectMethod
extends,edu.stanford.cs.sjslib.graphics.GObject_getLocation,GObjectMethod
extends,edu.stanford.cs.sjslib.graphics.GObject_getSize,GObjectMethod
extends,edu.stanford.cs.sjslib.graphics.GObject_getWidth,GObjectMethod
extends,edu.stanford.cs.sjslib.graphics.GObject_getX,GObjectMethod
extends,edu.stanford.cs.sjslib.graphics.GObject_getY,GObjectMethod
extends,edu.stanford.cs.sjslib.graphics.GObject_isVisible,GObjectMethod
extends,edu.stanford.cs.sjslib.graphics.GObject_move,GObjectMethod
extends,edu.stanford.cs.sjslib.graphics.GObject_movePolar,GObjectMethod
extends,edu.stanford.cs.sjslib.graphics.GObject_rotate,GObjectMethod
extends,edu.stanford.cs.sjslib.graphics.GObject_scale,GObjectMethod
extends,edu.stanford.cs.sjslib.graphics.GObject_sendBackward,GObjectMethod
extends,edu.stanford.cs.sjslib.graphics.GObject_sendForward,GObjectMethod
extends,edu.stanford.cs.sjslib.graphics.GObject_sendToBack,GObjectMethod
extends,edu.stanford.cs.sjslib.graphics.GObject_sendToFront,GObjectMethod
extends,edu.stanford.cs.sjslib.graphics.GObject_setColor,GObjectMethod
extends,edu.stanford.cs.sjslib.graphics.GObject_setLineWidth,GObjectMethod
extends,edu.stanford.cs.sjslib.graphics.GObject_setLocation,GObjectMethod
extends,edu.stanford.cs.sjslib.graphics.GObject_setVisible,GObjectMethod
extends,edu.stanford.cs.sjslib.graphics.GObject_shear,GObjectMethod
extends,edu.stanford.cs.sjslib.graphics.GObject_translate,GObjectMethod
extends,edu.stanford.cs.sjslib.graphics.GOvalMethod,SVMMethod
extends,edu.stanford.cs.sjslib.graphics.GOval_getFillColor,GOvalMethod
extends,edu.stanford.cs.sjslib.graphics.GOval_isFilled,GOvalMethod
extends,edu.stanford.cs.sjslib.graphics.GOval_new,SVMMethod
extends,edu.stanford.cs.sjslib.graphics.GOval_setBounds,GOvalMethod
extends,edu.stanford.cs.sjslib.graphics.GOval_setFillColor,GOvalMethod
extends,edu.stanford.cs.sjslib.graphics.GOval_setFilled,GOvalMethod
extends,edu.stanford.cs.sjslib.graphics.GPointMethod,SVMMethod
extends,edu.stanford.cs.sjslib.graphics.GPoint_getX,GPointMethod
extends,edu.stanford.cs.sjslib.graphics.GPoint_getY,GPointMethod
extends,edu.stanford.cs.sjslib.graphics.GPoint_new,SVMMethod
extends,edu.stanford.cs.sjslib.graphics.GPolygonMethod,SVMMethod
extends,edu.stanford.cs.sjslib.graphics.GPolygon_addEdge,GPolygonMethod
extends,edu.stanford.cs.sjslib.graphics.GPolygon_addPolarEdge,GPolygonMethod
extends,edu.stanford.cs.sjslib.graphics.GPolygon_addVertex,GPolygonMethod
extends,edu.stanford.cs.sjslib.graphics.GPolygon_getFillColor,GPolygonMethod
extends,edu.stanford.cs.sjslib.graphics.GPolygon_isFilled,GPolygonMethod
extends,edu.stanford.cs.sjslib.graphics.GPolygon_new,SVMMethod
extends,edu.stanford.cs.sjslib.graphics.GPolygon_setFillColor,GPolygonMethod
extends,edu.stanford.cs.sjslib.graphics.GPolygon_setFilled,GPolygonMethod
extends,edu.stanford.cs.sjslib.graphics.GRectMethod,SVMMethod
extends,edu.stanford.cs.sjslib.graphics.GRect_getFillColor,GRectMethod
extends,edu.stanford.cs.sjslib.graphics.GRect_isFilled,GRectMethod
extends,edu.stanford.cs.sjslib.graphics.GRect_new,SVMMethod
extends,edu.stanford.cs.sjslib.graphics.GRect_setBounds,GRectMethod
extends,edu.stanford.cs.sjslib.graphics.GRect_setFillColor,GRectMethod
extends,edu.stanford.cs.sjslib.graphics.GRect_setFilled,GRectMethod
extends,edu.stanford.cs.sjslib.graphics.GRectangleMethod,SVMMethod
extends,edu.stanford.cs.sjslib.graphics.GRectangle_getHeight,GRectangleMethod
extends,edu.stanford.cs.sjslib.graphics.GRectangle_getWidth,GRectangleMethod
extends,edu.stanford.cs.sjslib.graphics.GRectangle_getX,GRectangleMethod
extends,edu.stanford.cs.sjslib.graphics.GRectangle_getY,GRectangleMethod
extends,edu.stanford.cs.sjslib.graphics.GRectangle_new,SVMMethod
extends,edu.stanford.cs.sjslib.graphics.GRoundRectMethod,SVMMethod
extends,edu.stanford.cs.sjslib.graphics.GRoundRect_getFillColor,GRoundRectMethod
extends,edu.stanford.cs.sjslib.graphics.GRoundRect_isFilled,GRoundRectMethod
extends,edu.stanford.cs.sjslib.graphics.GRoundRect_new,SVMMethod
extends,edu.stanford.cs.sjslib.graphics.GRoundRect_setBounds,GRoundRectMethod
extends,edu.stanford.cs.sjslib.graphics.GRoundRect_setFillColor,GRoundRectMethod
extends,edu.stanford.cs.sjslib.graphics.GRoundRect_setFilled,GRoundRectMethod
extends,edu.stanford.cs.sjslib.graphics.GTransformMethod,SVMMethod
extends,edu.stanford.cs.sjslib.graphics.GTransform_concatenate,GTransformMethod
extends,edu.stanford.cs.sjslib.graphics.GTransform_createInverse,GTransformMethod
extends,edu.stanford.cs.sjslib.graphics.GTransform_getDeterminant,GTransformMethod
extends,edu.stanford.cs.sjslib.graphics.GTransform_getScaleX,GTransformMethod
extends,edu.stanford.cs.sjslib.graphics.GTransform_getScaleY,GTransformMethod
extends,edu.stanford.cs.sjslib.graphics.GTransform_getShearX,GTransformMethod
extends,edu.stanford.cs.sjslib.graphics.GTransform_getShearY,GTransformMethod
extends,edu.stanford.cs.sjslib.graphics.GTransform_getTranslateX,GTransformMethod
extends,edu.stanford.cs.sjslib.graphics.GTransform_getTranslateY,GTransformMethod
extends,edu.stanford.cs.sjslib.graphics.GTransform_inverseTransform,GTransformMethod
extends,edu.stanford.cs.sjslib.graphics.GTransform_new,SVMMethod
extends,edu.stanford.cs.sjslib.graphics.GTransform_rotate,GTransformMethod
extends,edu.stanford.cs.sjslib.graphics.GTransform_scale,GTransformMethod
extends,edu.stanford.cs.sjslib.graphics.GTransform_setTransform,GTransformMethod
extends,edu.stanford.cs.sjslib.graphics.GTransform_shear,GTransformMethod
extends,edu.stanford.cs.sjslib.graphics.GTransform_transform,GTransformMethod
extends,edu.stanford.cs.sjslib.graphics.GTransform_translate,GTransformMethod
extends,edu.stanford.cs.sjslib.graphics.GWindowMethod,SVMMethod
extends,edu.stanford.cs.sjslib.graphics.GWindow_add,GWindowMethod
extends,edu.stanford.cs.sjslib.graphics.GWindow_addEventListener,GWindowMethod
extends,edu.stanford.cs.sjslib.graphics.GWindow_clear,GWindowMethod
extends,edu.stanford.cs.sjslib.graphics.GWindow_getCanvasHeight,GWindowMethod
extends,edu.stanford.cs.sjslib.graphics.GWindow_getCanvasWidth,GWindowMethod
extends,edu.stanford.cs.sjslib.graphics.GWindow_getElementAt,GWindowMethod
extends,edu.stanford.cs.sjslib.graphics.GWindow_getHeight,GWindowMethod
extends,edu.stanford.cs.sjslib.graphics.GWindow_getWidth,GWindowMethod
extends,edu.stanford.cs.sjslib.graphics.GWindow_new,SVMMethod
extends,edu.stanford.cs.sjslib.graphics.GWindow_remove,GWindowMethod
extends,edu.stanford.cs.sjslib.graphics.GWindow_removeAll,GWindowMethod
extends,edu.stanford.cs.sjslib.graphics.GWindow_repaint,GWindowMethod
extends,edu.stanford.cs.sjslib.graphics.GWindow_requestFocus,GWindowMethod
extends,edu.stanford.cs.sjslib.graphics.GWindow_setBackground,GWindowMethod
extends,edu.stanford.cs.sjslib.graphics.GWindow_waitForClick,GWindowMethod
extends,edu.stanford.cs.sjslib.graphics.GWindow_waitForEvent,GWindowMethod
extends,edu.stanford.cs.sjslib.graphics.KeyEventMethod,SVMMethod
extends,edu.stanford.cs.sjslib.graphics.KeyEvent_KEY_PRESSED,SVMConstant
extends,edu.stanford.cs.sjslib.graphics.KeyEvent_KEY_RELEASED,SVMConstant
extends,edu.stanford.cs.sjslib.graphics.KeyEvent_KEY_TYPED,SVMConstant
extends,edu.stanford.cs.sjslib.graphics.KeyEvent_TYPE,SVMConstant
extends,edu.stanford.cs.sjslib.graphics.KeyEvent_getEventType,KeyEventMethod
extends,edu.stanford.cs.sjslib.graphics.KeyEvent_getID,KeyEventMethod
extends,edu.stanford.cs.sjslib.graphics.KeyEvent_getKeyChar,KeyEventMethod
extends,edu.stanford.cs.sjslib.graphics.KeyEvent_getKeyCode,KeyEventMethod
extends,edu.stanford.cs.sjslib.graphics.KeyEvent_getSource,KeyEventMethod
extends,edu.stanford.cs.sjslib.graphics.MouseEventMethod,SVMMethod
extends,edu.stanford.cs.sjslib.graphics.MouseEvent_MOUSE_CLICKED,SVMConstant
extends,edu.stanford.cs.sjslib.graphics.MouseEvent_MOUSE_DRAGGED,SVMConstant
extends,edu.stanford.cs.sjslib.graphics.MouseEvent_MOUSE_MOVED,SVMConstant
extends,edu.stanford.cs.sjslib.graphics.MouseEvent_MOUSE_PRESSED,SVMConstant
extends,edu.stanford.cs.sjslib.graphics.MouseEvent_MOUSE_RELEASED,SVMConstant
extends,edu.stanford.cs.sjslib.graphics.MouseEvent_TYPE,SVMConstant
extends,edu.stanford.cs.sjslib.graphics.MouseEvent_getEventType,MouseEventMethod
extends,edu.stanford.cs.sjslib.graphics.MouseEvent_getID,MouseEventMethod
extends,edu.stanford.cs.sjslib.graphics.MouseEvent_getSource,MouseEventMethod
extends,edu.stanford.cs.sjslib.graphics.MouseEvent_getX,MouseEventMethod
extends,edu.stanford.cs.sjslib.graphics.MouseEvent_getY,MouseEventMethod
extends,edu.stanford.cs.sjslib.graphics.Package_graphics,SVMPackage
extends,edu.stanford.cs.sjslib.graphics.SJSColorClass,SVMClass
extends,edu.stanford.cs.sjslib.graphics.SJSGArcClass,SJSGObjectClass
extends,edu.stanford.cs.sjslib.graphics.SJSGCompoundClass,SJSGObjectClass
extends,edu.stanford.cs.sjslib.graphics.SJSGDimensionClass,SVMClass
extends,edu.stanford.cs.sjslib.graphics.SJSGImageClass,SJSGObjectClass
extends,edu.stanford.cs.sjslib.graphics.SJSGLabelClass,SJSGObjectClass
extends,edu.stanford.cs.sjslib.graphics.SJSGLineClass,SJSGObjectClass
extends,edu.stanford.cs.sjslib.graphics.SJSGObjectClass,SVMClass
extends,edu.stanford.cs.sjslib.graphics.SJSGOvalClass,SJSGObjectClass
extends,edu.stanford.cs.sjslib.graphics.SJSGPointClass,SVMClass
extends,edu.stanford.cs.sjslib.graphics.SJSGPolygonClass,SJSGObjectClass
extends,edu.stanford.cs.sjslib.graphics.SJSGRectClass,SJSGObjectClass
extends,edu.stanford.cs.sjslib.graphics.SJSGRectangleClass,SVMClass
extends,edu.stanford.cs.sjslib.graphics.SJSGRoundRectClass,SJSGObjectClass
extends,edu.stanford.cs.sjslib.graphics.SJSGTransformClass,SVMClass
extends,edu.stanford.cs.sjslib.graphics.SJSGWindowClass,SVMClass
extends,edu.stanford.cs.sjslib.graphics.SJSImage,JSImage
extends,edu.stanford.cs.sjslib.graphics.SJSKeyEventClass,SJSEventClass
extends,edu.stanford.cs.sjslib.graphics.SJSMouseEventClass,SJSEventClass
extends,edu.stanford.cs.sjslib.stub.Package_stub,SVMPackage
extends,edu.stanford.cs.sjslib.stub.SJSStubClass,SVMClass
extends,edu.stanford.cs.sjslib.stub.Stub_new,SVMMethod
extends,edu.stanford.cs.sjslib.tokenscanner.Package_tokenscanner,SVMPackage
extends,edu.stanford.cs.sjslib.tokenscanner.SJSTokenScannerClass,SVMClass
extends,edu.stanford.cs.sjslib.tokenscanner.TokenScannerMethod,SVMMethod
extends,edu.stanford.cs.sjslib.tokenscanner.TokenScanner_EOF,SVMConstant
extends,edu.stanford.cs.sjslib.tokenscanner.TokenScanner_NUMBER,SVMConstant
extends,edu.stanford.cs.sjslib.tokenscanner.TokenScanner_OPERATOR,SVMConstant
extends,edu.stanford.cs.sjslib.tokenscanner.TokenScanner_SEPARATOR,SVMConstant
extends,edu.stanford.cs.sjslib.tokenscanner.TokenScanner_STRING,SVMConstant
extends,edu.stanford.cs.sjslib.tokenscanner.TokenScanner_WORD,SVMConstant
extends,edu.stanford.cs.sjslib.tokenscanner.TokenScanner_addOperator,TokenScannerMethod
extends,edu.stanford.cs.sjslib.tokenscanner.TokenScanner_addWordCharacters,TokenScannerMethod
extends,edu.stanford.cs.sjslib.tokenscanner.TokenScanner_getPosition,TokenScannerMethod
extends,edu.stanford.cs.sjslib.tokenscanner.TokenScanner_getStringValue,TokenScannerMethod
extends,edu.stanford.cs.sjslib.tokenscanner.TokenScanner_getTokenType,TokenScannerMethod
extends,edu.stanford.cs.sjslib.tokenscanner.TokenScanner_hasMoreTokens,TokenScannerMethod
extends,edu.stanford.cs.sjslib.tokenscanner.TokenScanner_ignoreComments,TokenScannerMethod
extends,edu.stanford.cs.sjslib.tokenscanner.TokenScanner_ignoreWhitespace,TokenScannerMethod
extends,edu.stanford.cs.sjslib.tokenscanner.TokenScanner_isWordCharacter,TokenScannerMethod
extends,edu.stanford.cs.sjslib.tokenscanner.TokenScanner_new,SVMMethod
extends,edu.stanford.cs.sjslib.tokenscanner.TokenScanner_nextToken,TokenScannerMethod
extends,edu.stanford.cs.sjslib.tokenscanner.TokenScanner_saveToken,TokenScannerMethod
extends,edu.stanford.cs.sjslib.tokenscanner.TokenScanner_scanNumbers,TokenScannerMethod
extends,edu.stanford.cs.sjslib.tokenscanner.TokenScanner_scanStrings,TokenScannerMethod
extends,edu.stanford.cs.sjslib.tokenscanner.TokenScanner_setInput,TokenScannerMethod
extends,edu.stanford.cs.sjslib.tokenscanner.TokenScanner_verifyToken,TokenScannerMethod
extends,edu.stanford.cs.sjslib.unittest.Package_unittest,SVMPackage
extends,edu.stanford.cs.sjslib.unittest.SJSUnitTestClass,SVMClass
extends,edu.stanford.cs.sjslib.unittest.UnitTest_assertEquals,SVMMethod
extends,edu.stanford.cs.sjslib.unittest.UnitTest_assertFalse,SVMMethod
extends,edu.stanford.cs.sjslib.unittest.UnitTest_assertNotEquals,SVMMethod
extends,edu.stanford.cs.sjslib.unittest.UnitTest_assertTrue,SVMMethod
extends,edu.stanford.cs.sjslib.unittest.UnitTest_getErrorCount,SVMMethod
extends,edu.stanford.cs.sjslib.unittest.UnitTest_resetErrorCount,SVMMethod
extends,edu.stanford.cs.sjslib.util.ActionEventMethod,SVMMethod
extends,edu.stanford.cs.sjslib.util.ActionEvent_ACTION_PERFORMED,SVMConstant
extends,edu.stanford.cs.sjslib.util.ActionEvent_TYPE,SVMConstant
extends,edu.stanford.cs.sjslib.util.ActionEvent_getActionCommand,ActionEventMethod
extends,edu.stanford.cs.sjslib.util.ActionEvent_getEventType,ActionEventMethod
extends,edu.stanford.cs.sjslib.util.ActionEvent_getID,ActionEventMethod
extends,edu.stanford.cs.sjslib.util.ActionEvent_getSource,ActionEventMethod
extends,edu.stanford.cs.sjslib.util.ArrayListMethod,SVMMethod
extends,edu.stanford.cs.sjslib.util.ArrayList_add,ArrayListMethod
extends,edu.stanford.cs.sjslib.util.ArrayList_clear,ArrayListMethod
extends,edu.stanford.cs.sjslib.util.ArrayList_get,ArrayListMethod
extends,edu.stanford.cs.sjslib.util.ArrayList_insert,ArrayListMethod
extends,edu.stanford.cs.sjslib.util.ArrayList_isEmpty,ArrayListMethod
extends,edu.stanford.cs.sjslib.util.ArrayList_new,SVMMethod
extends,edu.stanford.cs.sjslib.util.ArrayList_remove,ArrayListMethod
extends,edu.stanford.cs.sjslib.util.ArrayList_set,ArrayListMethod
extends,edu.stanford.cs.sjslib.util.ArrayList_size,ArrayListMethod
extends,edu.stanford.cs.sjslib.util.GridMethod,SVMMethod
extends,edu.stanford.cs.sjslib.util.Grid_get,GridMethod
extends,edu.stanford.cs.sjslib.util.Grid_inBounds,GridMethod
extends,edu.stanford.cs.sjslib.util.Grid_new,SVMMethod
extends,edu.stanford.cs.sjslib.util.Grid_numCols,GridMethod
extends,edu.stanford.cs.sjslib.util.Grid_numRows,GridMethod
extends,edu.stanford.cs.sjslib.util.Grid_resize,GridMethod
extends,edu.stanford.cs.sjslib.util.Grid_set,GridMethod
extends,edu.stanford.cs.sjslib.util.Grid_toString,GridMethod
extends,edu.stanford.cs.sjslib.util.MapMethod,SVMMethod
extends,edu.stanford.cs.sjslib.util.Map_clear,MapMethod
extends,edu.stanford.cs.sjslib.util.Map_containsKey,MapMethod
extends,edu.stanford.cs.sjslib.util.Map_create,SVMMethod
extends,edu.stanford.cs.sjslib.util.Map_get,MapMethod
extends,edu.stanford.cs.sjslib.util.Map_isEmpty,MapMethod
extends,edu.stanford.cs.sjslib.util.Map_keyArray,MapMethod
extends,edu.stanford.cs.sjslib.util.Map_new,SVMMethod
extends,edu.stanford.cs.sjslib.util.Map_put,MapMethod
extends,edu.stanford.cs.sjslib.util.Map_remove,MapMethod
extends,edu.stanford.cs.sjslib.util.Map_size,MapMethod
extends,edu.stanford.cs.sjslib.util.Package_util,SVMPackage
extends,edu.stanford.cs.sjslib.util.Queue,ArrayDeque
extends,edu.stanford.cs.sjslib.util.QueueMethod,SVMMethod
extends,edu.stanford.cs.sjslib.util.Queue_add,QueueMethod
extends,edu.stanford.cs.sjslib.util.Queue_clear,QueueMethod
extends,edu.stanford.cs.sjslib.util.Queue_dequeue,QueueMethod
extends,edu.stanford.cs.sjslib.util.Queue_enqueue,QueueMethod
extends,edu.stanford.cs.sjslib.util.Queue_isEmpty,QueueMethod
extends,edu.stanford.cs.sjslib.util.Queue_new,SVMMethod
extends,edu.stanford.cs.sjslib.util.Queue_peek,QueueMethod
extends,edu.stanford.cs.sjslib.util.Queue_remove,QueueMethod
extends,edu.stanford.cs.sjslib.util.Queue_size,QueueMethod
extends,edu.stanford.cs.sjslib.util.Random_nextBoolean,SVMMethod
extends,edu.stanford.cs.sjslib.util.Random_nextDouble,SVMMethod
extends,edu.stanford.cs.sjslib.util.Random_nextInt,SVMMethod
extends,edu.stanford.cs.sjslib.util.Random_setSeed,SVMMethod
extends,edu.stanford.cs.sjslib.util.SJSActionEventClass,SJSEventClass
extends,edu.stanford.cs.sjslib.util.SJSArrayListClass,SVMClass
extends,edu.stanford.cs.sjslib.util.SJSGridClass,SVMClass
extends,edu.stanford.cs.sjslib.util.SJSMapClass,SVMClass
extends,edu.stanford.cs.sjslib.util.SJSQueueClass,SVMClass
extends,edu.stanford.cs.sjslib.util.SJSRandomClass,SVMClass
extends,edu.stanford.cs.sjslib.util.SJSSetClass,SVMClass
extends,edu.stanford.cs.sjslib.util.SJSStackClass,SVMClass
extends,edu.stanford.cs.sjslib.util.Set,TreeSet
extends,edu.stanford.cs.sjslib.util.SetMethod,SVMMethod
extends,edu.stanford.cs.sjslib.util.Set_add,SetMethod
extends,edu.stanford.cs.sjslib.util.Set_clear,SetMethod
extends,edu.stanford.cs.sjslib.util.Set_contains,SetMethod
extends,edu.stanford.cs.sjslib.util.Set_isEmpty,SetMethod
extends,edu.stanford.cs.sjslib.util.Set_keyArray,SetMethod
extends,edu.stanford.cs.sjslib.util.Set_new,SVMMethod
extends,edu.stanford.cs.sjslib.util.Set_remove,SetMethod
extends,edu.stanford.cs.sjslib.util.Set_size,SetMethod
extends,edu.stanford.cs.sjslib.util.Stack,ArrayDeque
extends,edu.stanford.cs.sjslib.util.StackMethod,SVMMethod
extends,edu.stanford.cs.sjslib.util.Stack_clear,StackMethod
extends,edu.stanford.cs.sjslib.util.Stack_isEmpty,StackMethod
extends,edu.stanford.cs.sjslib.util.Stack_new,SVMMethod
extends,edu.stanford.cs.sjslib.util.Stack_peek,StackMethod
extends,edu.stanford.cs.sjslib.util.Stack_pop,StackMethod
extends,edu.stanford.cs.sjslib.util.Stack_push,StackMethod
extends,edu.stanford.cs.sjslib.util.Stack_size,StackMethod
extends,edu.stanford.cs.svm.ADD_Ins,SVMInstruction
extends,edu.stanford.cs.svm.AND_Ins,LogicalOp
extends,edu.stanford.cs.svm.ARG_Ins,SVMVarInstruction
extends,edu.stanford.cs.svm.ASH_Ins,LogicalOp
extends,edu.stanford.cs.svm.ArithmeticOp,SVMInstruction
extends,edu.stanford.cs.svm.CALLFN_Ins,SVMInstruction
extends,edu.stanford.cs.svm.CALLM_Ins,SVMNameInstruction
extends,edu.stanford.cs.svm.CALL_Ins,SVMInstruction
extends,edu.stanford.cs.svm.Core_FALSE,SVMConstant
extends,edu.stanford.cs.svm.Core_INFINITY,SVMConstant
extends,edu.stanford.cs.svm.Core_NULL,SVMConstant
extends,edu.stanford.cs.svm.Core_NaN,SVMConstant
extends,edu.stanford.cs.svm.Core_TRUE,SVMConstant
extends,edu.stanford.cs.svm.Core_UNDEFINED,SVMConstant
extends,edu.stanford.cs.svm.Core_assign,SVMMethod
extends,edu.stanford.cs.svm.Core_select,SVMMethod
extends,edu.stanford.cs.svm.Core_setReceiver,SVMConstant
extends,edu.stanford.cs.svm.Core_this,SVMConstant
extends,edu.stanford.cs.svm.Core_typeof,SVMMethod
extends,edu.stanford.cs.svm.DISPATCH_Ins,SVMInstruction
extends,edu.stanford.cs.svm.DIV_Ins,SVMInstruction
extends,edu.stanford.cs.svm.DUP_Ins,SVMInstruction
extends,edu.stanford.cs.svm.ENDTRY_Ins,SVMInstruction
extends,edu.stanford.cs.svm.END_Ins,SVMInstruction
extends,edu.stanford.cs.svm.EQ_Ins,RelationalOp
extends,edu.stanford.cs.svm.FLUSH_Ins,SVMInstruction
extends,edu.stanford.cs.svm.GE_Ins,RelationalOp
extends,edu.stanford.cs.svm.GT_Ins,RelationalOp
extends,edu.stanford.cs.svm.Global_get,SVMMethod
extends,edu.stanford.cs.svm.Global_isDefined,SVMMethod
extends,edu.stanford.cs.svm.Global_set,SVMMethod
extends,edu.stanford.cs.svm.HALT_Ins,SVMInstruction
extends,edu.stanford.cs.svm.IDIV_Ins,SVMInstruction
extends,edu.stanford.cs.svm.JUMPF_Ins,SVMAddressInstruction
extends,edu.stanford.cs.svm.JUMPT_Ins,SVMAddressInstruction
extends,edu.stanford.cs.svm.JUMP_Ins,SVMAddressInstruction
extends,edu.stanford.cs.svm.LE_Ins,RelationalOp
extends,edu.stanford.cs.svm.LOCALS_Ins,SVMOffsetInstruction
extends,edu.stanford.cs.svm.LSH_Ins,LogicalOp
extends,edu.stanford.cs.svm.LT_Ins,RelationalOp
extends,edu.stanford.cs.svm.LogicalOp,SVMInstruction
extends,edu.stanford.cs.svm.MUL_Ins,ArithmeticOp
extends,edu.stanford.cs.svm.NARGS_Ins,SVMOffsetInstruction
extends,edu.stanford.cs.svm.NEG_Ins,SVMInstruction
extends,edu.stanford.cs.svm.NE_Ins,RelationalOp
extends,edu.stanford.cs.svm.NOT_Ins,SVMInstruction
extends,edu.stanford.cs.svm.OR_Ins,LogicalOp
extends,edu.stanford.cs.svm.PARAMS_Ins,SVMOffsetInstruction
extends,edu.stanford.cs.svm.POPLOC_Ins,SVMOffsetInstruction
extends,edu.stanford.cs.svm.POPVAR_Ins,SVMVarInstruction
extends,edu.stanford.cs.svm.PSTACK_Ins,SVMInstruction
extends,edu.stanford.cs.svm.PUSHFN_Ins,SVMAddressInstruction
extends,edu.stanford.cs.svm.PUSHINT_Ins,SVMAddressInstruction
extends,edu.stanford.cs.svm.PUSHLOC_Ins,SVMOffsetInstruction
extends,edu.stanford.cs.svm.PUSHNUM_Ins,SVMInstruction
extends,edu.stanford.cs.svm.PUSHSTR_Ins,SVMStringInstruction
extends,edu.stanford.cs.svm.PUSHVAR_Ins,SVMVarInstruction
extends,edu.stanford.cs.svm.REM_Ins,SVMInstruction
extends,edu.stanford.cs.svm.RETURN_Ins,SVMInstruction
extends,edu.stanford.cs.svm.ROLL_Ins,SVMOffsetInstruction
extends,edu.stanford.cs.svm.RelationalOp,SVMInstruction
extends,edu.stanford.cs.svm.STMT_Ins,SVMOffsetInstruction
extends,edu.stanford.cs.svm.SUB_Ins,ArithmeticOp
extends,edu.stanford.cs.svm.SVM,Controller implements EvalContext
extends,edu.stanford.cs.svm.SVM,Steppable
extends,edu.stanford.cs.svm.SVMAddressInstruction,SVMInstruction
extends,edu.stanford.cs.svm.SVMArray,ArrayList
extends,edu.stanford.cs.svm.SVMConsoleProgram,SVMProgram
extends,edu.stanford.cs.svm.SVMConstant,SVMMethod
extends,edu.stanford.cs.svm.SVMCoreClass,SVMClass
extends,edu.stanford.cs.svm.SVMGlobalClass,SVMClass
extends,edu.stanford.cs.svm.SVMImportDirective,SVMDirective
extends,edu.stanford.cs.svm.SVMNameInstruction,SVMInstruction
extends,edu.stanford.cs.svm.SVMObject,TreeMap
extends,edu.stanford.cs.svm.SVMOffsetInstruction,SVMInstruction
extends,edu.stanford.cs.svm.SVMPackage,JSPackage
extends,edu.stanford.cs.svm.SVMProgram,JSProgram
extends,edu.stanford.cs.svm.SVMStringInstruction,SVMInstruction
extends,edu.stanford.cs.svm.SVMVarInstruction,SVMInstruction
extends,edu.stanford.cs.svm.THROW_Ins,SVMInstruction
extends,edu.stanford.cs.svm.TRY_Ins,SVMAddressInstruction
extends,edu.stanford.cs.svm.VARGS_Ins,SVMInstruction
extends,edu.stanford.cs.svm.VAR_Ins,SVMVarInstruction
extends,edu.stanford.cs.svm.VERSION_Ins,SVMOffsetInstruction
extends,edu.stanford.cs.svm.XOR_Ins,LogicalOp
extends,edu.stanford.cs.svmtools.SVMEditor,ProgramEditor
implements,edu.stanford.cs.console.ConsolePane,KeyListener
implements,edu.stanford.cs.console.ConsoleWindow,Console
implements,edu.stanford.cs.console.SystemConsole,Console
implements,edu.stanford.cs.controller.ControllerStepper,Runnable
implements,edu.stanford.cs.controller.SpeedListener,AdjustmentListener
implements,edu.stanford.cs.controller.TimerListener,ActionListener
implements,edu.stanford.cs.english.EnglishLexicon,Iterable
implements,edu.stanford.cs.graphics.GArc,GFillable
implements,edu.stanford.cs.graphics.GCanvas,GContainer
implements,edu.stanford.cs.graphics.GCanvas,Iterable
implements,edu.stanford.cs.graphics.GCanvasListener,MouseListener
implements,edu.stanford.cs.graphics.GCanvasListener,MouseMotionListener
implements,edu.stanford.cs.graphics.GCompound,GContainer
implements,edu.stanford.cs.graphics.GCompound,Iterable
implements,edu.stanford.cs.graphics.GImage,GResizable
implements,edu.stanford.cs.graphics.GIterator,Iterator
implements,edu.stanford.cs.graphics.GObject,Cloneable
implements,edu.stanford.cs.graphics.GObject,GScalable
implements,edu.stanford.cs.graphics.GOval,GFillable
implements,edu.stanford.cs.graphics.GOval,GResizable
implements,edu.stanford.cs.graphics.GPolygon,GFillable
implements,edu.stanford.cs.graphics.GProgram,MouseListener
implements,edu.stanford.cs.graphics.GProgram,MouseMotionListener
implements,edu.stanford.cs.graphics.GProgram,KeyListener
implements,edu.stanford.cs.graphics.GProgram,ActionListener
implements,edu.stanford.cs.graphics.GProgram,Iterable
implements,edu.stanford.cs.graphics.GProgramListener,ComponentListener
implements,edu.stanford.cs.graphics.GProgramListener,MouseListener
implements,edu.stanford.cs.graphics.GProgramListener,Runnable
implements,edu.stanford.cs.graphics.GRect,GFillable
implements,edu.stanford.cs.graphics.GRect,GResizable
implements,edu.stanford.cs.graphics.GWindow,Iterable
implements,edu.stanford.cs.java2js.JSErrorDialogListener,MouseListener
implements,edu.stanford.cs.java2js.JSErrorDialogListener,MouseMotionListener
implements,edu.stanford.cs.java2js.JSProgram,Runnable
implements,edu.stanford.cs.java2js.JSProgramLayout,LayoutManager
implements,edu.stanford.cs.java2js.JSStartupListener,ActionListener
implements,edu.stanford.cs.java2js.JSTimerTask,ActionListener
implements,edu.stanford.cs.java2js.JSTimerTask,Runnable
implements,edu.stanford.cs.java2js.JSTitleBar,FocusListener
implements,edu.stanford.cs.java2js.JSTitleBarListener,MouseListener
implements,edu.stanford.cs.java2js.PSGraphicsWriter,MouseListener
implements,edu.stanford.cs.java2js.URLReader,Runnable
implements,edu.stanford.cs.jsconsole.ConsoleTextPane,KeyListener
implements,edu.stanford.cs.jsconsole.JSConsole,NBConsole
implements,edu.stanford.cs.jsconsole.JSConsoleFocusListener,FocusListener
implements,edu.stanford.cs.jsconsole.JavaConsole,NBConsole
implements,edu.stanford.cs.jsconsole.JavaConsoleMonitor,Runnable
implements,edu.stanford.cs.jscontrols.JSControl,Control
implements,edu.stanford.cs.jscontrols.JSControl,Updatable
implements,edu.stanford.cs.jseditor.FindAndReplaceListener,ActionListener
implements,edu.stanford.cs.jseditor.FindAndReplaceListener,MouseListener
implements,edu.stanford.cs.jseditor.FindAndReplaceListener,MouseMotionListener
implements,edu.stanford.cs.jseditor.JSETextPane,DocumentListener
implements,edu.stanford.cs.jseditor.JSEditor,JSTextSource
implements,edu.stanford.cs.jseditor.JSEditorFocusListener,FocusListener
implements,edu.stanford.cs.jseditor.JSEditorUndoHandler,UndoableEditListener
implements,edu.stanford.cs.jseditor.JSScrollBarListener,AdjustmentListener
implements,edu.stanford.cs.jseditor.Marker,Comparable
implements,edu.stanford.cs.jsmenu.JSCheckBoxMenuItem,Updatable
implements,edu.stanford.cs.jsmenu.JSMenu,Updatable
implements,edu.stanford.cs.jsmenu.JSMenuBar,Updatable
implements,edu.stanford.cs.jsmenu.JSMenuItem,Updatable
implements,edu.stanford.cs.programeditor.EditorTickler,Runnable
implements,edu.stanford.cs.programeditor.PEAnnotationPane,AdjustmentListener
implements,edu.stanford.cs.programeditor.PEAnnotationPane,ChangeListener
implements,edu.stanford.cs.programeditor.PEAnnotationPane,MouseListener
implements,edu.stanford.cs.psgraphics.DummyObserver,ImageObserver
implements,edu.stanford.cs.sjs.CompileUpdater,Updater
implements,edu.stanford.cs.sjs.RunControlUpdater,Updater
implements,edu.stanford.cs.sjs.RunUpdater,Updater
implements,edu.stanford.cs.sjs.SJSApplicationMonitor,SJSCommandMonitor
implements,edu.stanford.cs.sjs.SJSComparator,Comparator
implements,edu.stanford.cs.sjs.SJSControlStrip,ActionListener
implements,edu.stanford.cs.sjs.SJSEditorListener,ChangeListener
implements,edu.stanford.cs.sjs.SJSErrorHandler,JSErrorHandler
implements,edu.stanford.cs.sjs.SJSGUI,Runnable
implements,edu.stanford.cs.sjs.SJSGWindow,ActionListener
implements,edu.stanford.cs.sjs.SJSGWindow,KeyListener
implements,edu.stanford.cs.sjs.SJSGWindow,MouseListener
implements,edu.stanford.cs.sjs.SJSGWindow,MouseMotionListener
implements,edu.stanford.cs.sjs.SJSGWindowListener,WindowListener
implements,edu.stanford.cs.sjs.SJSInterpreterMonitor,SJSCommandMonitor
implements,edu.stanford.cs.sjs.SJSInterpreterMonitor,ChangeListener
implements,edu.stanford.cs.sjs.SJSLayout,LayoutManager
implements,edu.stanford.cs.sjs.SJSLoadFileListener,ActionListener
implements,edu.stanford.cs.sjs.SJSLoadListener,ActionListener
implements,edu.stanford.cs.sjs.SJSReadEvalPrintLoop,ChangeListener
implements,edu.stanford.cs.sjs.SJSSaveFileListener,ActionListener
implements,edu.stanford.cs.sjs.SJSSaveListener,ActionListener
implements,edu.stanford.cs.sjs.SJSStateChangeListener,ChangeListener
implements,edu.stanford.cs.sjs.SaveUpdater,Updater
implements,edu.stanford.cs.sjs.StepUpdater,Updater
implements,edu.stanford.cs.sjslib.core.PauseListener,ActionListener
implements,edu.stanford.cs.sjslib.core.TimeoutListener,ActionListener
implements,edu.stanford.cs.sjslib.graphics.GImageListener,ActionListener
implements,edu.stanford.cs.svm.SVM,EvalContext
implements,edu.stanford.cs.svm.SVM,Steppable
implements,edu.stanford.cs.svm.SVMConsoleListener,ActionListener
implements,edu.stanford.cs.svm.SVMErrorHandler,JSErrorHandler
